{
    "prepare_queue": {
        "installed": [],
        "uninstalled": []
    },
    "config_munge": {
        "files": {}
    },
    "installed_plugins": {
        "cordova-plugin-whitelist": {
            "PACKAGE_NAME": "com.phonegap.helloworld"
        },
        "pushwoosh-cordova-plugin": {
            "LOG_LEVEL": "DEBUG",
            "IOS_FOREGROUND_ALERT_TYPE": "BANNER",
            "ANDROID_FOREGROUND_PUSH": "false",
            "PACKAGE_NAME": "com.phonegap.helloworld"
        }
    },
    "dependent_plugins": {},
    "modules": [
        {
            "file": "plugins/pushwoosh-cordova-plugin/www/PushNotification.js",
            "id": "pushwoosh-cordova-plugin.PushNotification",
            "pluginId": "pushwoosh-cordova-plugin",
            "clobbers": [
                "plugins.pushNotification"
            ]
        }
    ],
    "plugin_metadata": {
        "cordova-plugin-whitelist": "1.3.3",
        "pushwoosh-cordova-plugin": "7.0.8"
    }
}